<?xml version="1.0" encoding="UTF-8"?>
<project-private xmlns="http://www.netbeans.org/ns/project-private/1">
    <editor-bookmarks xmlns="http://www.netbeans.org/ns/editor-bookmarks/2" lastBookmarkId="0"/>
    <open-files xmlns="http://www.netbeans.org/ns/projectui-open-files/2">
        <group>
            <file>file:/Users/carlossanchez/Downloads/OpticaQualite4to/ProyectoQualite/web/modules/moduloEmpleados/view_Empleados.html</file>
            <file>file:/Users/carlossanchez/Downloads/OpticaQualite4to/ProyectoQualite/web/modules/moduloEmpleados/controller_Empleados.js</file>
        </group>
    </open-files>
</project-private>
